{
  "words": [
    {
      "id": "2",
      "day": 2,
      "eng": "LG전자",
      "kor": "2명",
      "work": "개발직",
      "date": "2025.01.25",
      "isDone": true
    },
    {
      "id": "4",
      "day": 4,
      "eng": "네이버",
      "kor": "5명",
      "work": "개발직",
      "date": "2025.01.25",
      "isDone": false
    },
    {
      "id": "3",
      "day": 3,
      "eng": "국민은행",
      "kor": "3명",
      "work": "개발직",
      "date": "2025.01.25",
      "isDone": false
    },
    {
      "id": "da70",
      "day": "1",
      "eng": "애플",
      "kor": "5명",
      "work": "개발직",
      "date": "2025.01.25",
      "isDone": false
    },
    {
      "id": "b371",
      "eng": "한양 컴퍼니",
      "kor": "4명 ",
      "work": "개발자 ",
      "date": "2025.10.23",
      "isDone": false
    },
    {
      "id": "61b8",
      "eng": "혜진 컴퍼니",
      "kor": "10명 ",
      "work": "풀스택 개발자",
      "date": "2025.02.01",
      "isDone": false
    }
  ]
}