{
    "words": [
        {
            "id": 1,
            "day": 1,
            "eng": "삼성전자",
            "kor": "2명",
            "work": "개발직",
            "date": "2025.01.25",
            "isDone": false
        },
        {
            "id": 2,
            "day": 2,
            "eng": "LG전자",
            "kor": "2명",
            "work": "개발직",
            "date": "2025.01.25",
            "isDone": false
        },
        {
            "id": 3,
            "day": 3,
            "eng": "네이버",
            "kor": "5명",
            "work": "개발직",
            "date": "2025.01.25",
            "isDone": false
        },
        {
            "id": 4,
            "day": 4,
            "eng": "국민은행",
            "kor": "3명",
            "work": "개발직",
            "date": "2025.01.25",
            "isDone": false
        },
        {
            "id": 5,
            "day": 3,
            "eng": "애플",
            "kor": "5명",
            "work": "개발직",
            "date": "2025.01.25",
            "isDone": false
        }
    ]
}