{
    "words": [
        {
            "id": 1,
            "day": 1,
            "eng": "book",
            "kor": "책",
            "isDone": false
        },
        {
            "id": 2,
            "day": 2,
            "eng": "car",
            "kor": "차",
            "isDone": false
        },
        {
            "id": 3,
            "day": 3,
            "eng": "pencil",
            "kor": "연필",
            "isDone": false
        },
        {
            "id": 4,
            "day": 4,
            "eng": "school",
            "kor": "학교",
            "isDone": false
        },
        {
            "id": 5,
            "day": 5,
            "eng": "student",
            "kor": "학생",
            "isDone": false
        }
    ]
}